{
    "fx": 230,
    "fy": 230,
    "cx": 511.5,
    "cy": 511.5,
    "k0": 1.38852579,
    "k1": -0.0298855666,
    "k2": 0.0155042104,
    "k3": -0.00497271034,
    "k4": 0.000363261852
}
